ID,Title
1, 關睢
2, 葛覃
3,  卷耳
4, 樛木
5,  螽斯
6,  桃夭
7, 兔罝
8, 芣苡
9, 漢廣
10, 汝墳
11, 麟之趾
12, 鵲巢
13, 采蘩
14, 草蟲
15, 采蘋
16, 甘棠
17, 行露
18, 羔羊
19, 殷其雷
20,  摽有梅
21, 小星
22, 江有汜
23, 野有死麇
24, 何彼襛矣
25, 騶虞
26, 柏舟
27, 綠衣
28, 燕燕
29, 日月
30, 終風
31, 擊鼓
32, 凱風
33, 雄雉
34, 匏有苦葉
35, 谷風
36, 式微
37, 旄丘
38, 簡兮
39, 泉水
40, 北門
41, 北風
42, 靜女
43, 新臺
44, 二子乘舟
45, 柏舟
46, 牆有茨
47, 君子偕老
48, 桑中
49, 鶉之奔奔
50, 定之方中
51, 蝃蝀
52, 相鼠
53, 干旄
54, 載馳
55, 淇奧
56, 考槃
57, 碩人
58, 氓
59, 竹竿
60, 芄蘭
61, 河廣
62, 伯兮
63, 有狐
64, 木瓜
65, 黍離
66, 君子于役
67, 君子陽陽
68, 揚之水
69, 中谷有蓷
70, 兔爰
71, 葛藟
72, 采葛
73, 大車
74, 丘中有麻
75, 緇衣
76, 將仲子
77, 叔于田
78, 大叔于田
79, 清人
80, 羔裘
81, 遵大路
82, 女曰雞鳴
83, 有女同車
84, 山有扶蘇
85, 蘀兮
86, 狡童
87, 褰裳
88, 丰
89, 東門之墠
90, 風雨
91, 子衿
92, 揚之水
93, 出其東門
94, 野有蔓草
95, 溱洧
96, 雞鳴
97, 還
98, 著
99, 東方之日
100, 東方未明
101, 南山
102, 甫田
103, 盧令
104, 敝笱
105, 載驅
106, 猗嗟
107, 葛屨
108, 汾沮洳
109, 園有桃
110, 陟岵
111, 十畝之間
112, 伐檀
113, 碩鼠
114, 蟋蟀
115, 山有樞
116, 揚之水
117, 椒聊
118, 綢繆
119, 杕杜
120, 羔裘
121, 鴇羽
122, 無衣
123, 有杕之杜
124, 葛生
125, 采苓
126, 車鄰
127, 駟驖
128, 小戎
129, 蒹葭
130, 終南
131, 黃鳥
132, 晨風
133, 無衣
134, 渭陽
135, 權輿
136, 宛丘
137, 東門之枌
138, 衡門
139, 東門之池
140, 東門之楊
141, 墓門
142, 防有鵲巢
143, 月出
144, 株林
145, 澤陂
146, 羔裘
147, 素冠
148, 隰有萇楚
149, 匪風
150, 蜉蝣
151, 候人
152, 鳲鳩
153, 下泉
154, 七月
155, 鴟鴞
156, 東山
157, 破斧
158, 伐柯
159, 九罭
160, 狼跋
161, 鹿鳴
162, 四牡
163, 皇皇者華
164, 常棣
165, 伐木
166, 天保
167, 采薇
168, 出車
169, 杕杜
170, 魚麗
171, 南有嘉魚
172, 南山有臺
173, 蓼蕭
174, 湛露
175, 彤弓
176, 菁菁者莪
177, 六月
178, 采芑
179, 車攻
180, 吉日
181, 鴻雁
182, 庭燎
183, 沔水
184, 鶴鳴
185, 祈父
186, 白駒
187, 黃鳥
188, 我行其野
189, 斯干
190, 無羊
191, 節南山
192, 正月
193, 十月之交
194, 雨無正
195, 小旻
196, 小宛
197, 小弁
198, 巧言
199, 何人斯
200, 巷伯
201, 谷風
202, 蓼莪
203, 大東
204, 四月
205, 北山
206, 無將大車
207, 小明
208, 鼓鍾
209, 楚茨
210, 信南山
211, 甫田
212, 大田
213, 瞻彼洛矣
214, 裳裳者華
215, 桑扈
216, 鴛鴦
217, 頍弁
218, 車舝
219, 青蠅
220, 賓之初筵
221, 魚藻
222, 采菽
223, 角弓
224, 菀柳
225, 都人士
226, 采綠
227, 黍苗
228, 隰桑
229, 白華
230, 綿蠻
231, 瓠葉
232, 漸漸之石
233, 苕之華
234, 何草不黃
235, 文王
236, 大明
237, 綿
238, 棫樸
239, 早麓
240, 思齊
241, 皇矣
242, 靈臺
243, 下武
244, 文王有聲
245, 生民
246, 行葦
247, 既醉
248, 鳧鷖
249, 假樂
250, 公劉
251, 泂酌
252, 卷阿
253, 民勞
254, 板
255, 蕩
256, 抑
257, 桑柔
258, 雲漢
259, 崧高
260, 烝民
261, 韓奕
262, 江漢
263, 常武
264, 瞻卬
265, 召旻
266, 清廟
267, 維天之命
268, 維清
269, 烈文
270, 天作
271, 昊天有成命
272, 我將
273, 時邁
274, 執競
275, 思文
276, 臣工
277, 噫嘻
278, 振鷺
279, 豐年
280, 有瞽
281, 潛
282, 雝
283, 載見
284, 有客
285, 武
286, 閔予小子
287, 訪落
288, 敬之
289, 小毖
290, 載芟
291, 良耜
292, 絲衣
293, 酌
294, 桓
295, 賚
296, 般
297, 駉
298, 有駜
299, 泮水
300, 閟宮
301, 那
302, 烈祖
303, 玄鳥
304, 長發
305, 殷武
